val_mlm_loss,val_perplexity,n_samples
1.4181413075923919,4.129437947806676,500
