val_mlm_loss,val_perplexity,n_samples
1.415975001335144,4.120502003032576,500
